{"epoch":20,"loss":0.013047975887145315,"_wandb":{"runtime":6},"_runtime":6,"learning_rate":0.0001,"_timestamp":1.7693089845751872e+09,"_step":19}