{"loss":0.0015044809260871261,"learning_rate":0.0001,"_timestamp":1.7692932020257845e+09,"_step":19,"_wandb":{"runtime":7},"_runtime":7,"epoch":20}