{"train_loss":0.047215365222334535,"val_loss":0.04828530995220673,"epoch":19,"_timestamp":1.7693546767423403e+09,"_step":18,"_wandb":{"runtime":2576},"_runtime":2576}