{"epoch":25,"loss":0.03406457315114411,"learning_rate":0.0001,"_timestamp":1.7693336368141575e+09,"_step":24,"_wandb":{"runtime":86},"_runtime":86}