{"_runtime":13,"_step":19,"epoch":20,"loss":0.0422922500542232,"learning_rate":0.0001,"_timestamp":1.7693090817458012e+09,"_wandb":{"runtime":13}}