{"_runtime":6,"learning_rate":0.0001,"_timestamp":1.7693088336228726e+09,"_step":19,"epoch":20,"loss":0.015489827774997269,"_wandb":{"runtime":6}}