{"_runtime":20,"_timestamp":1.769330883788429e+09,"_step":19,"epoch":20,"loss":0.04139840950004079,"learning_rate":0.0001,"_wandb":{"runtime":20}}